<?xml version="1.0" encoding="UTF-8"?>
<launch4jConfig>
  <dontWrapJar>false</dontWrapJar>
  <headerType>gui</headerType>
  <jar>C:\Users\Darien\Desktop\Projects\Goalie\Goalie\Goalie.jar</jar>
  <outfile>C:\Users\Darien\Desktop\Projects\Goalie\Goalie\Goalie.exe</outfile>
  <errTitle>Something went wrong :(</errTitle>
  <cmdLine></cmdLine>
  <chdir>.</chdir>
  <priority>normal</priority>
  <downloadUrl>http://java.com/download</downloadUrl>
  <supportUrl></supportUrl>
  <stayAlive>false</stayAlive>
  <restartOnCrash>false</restartOnCrash>
  <manifest></manifest>
  <icon>C:\Users\Darien\Desktop\Projects\Goalie\Goalie\ico\Goalie.ico</icon>
  <singleInstance>
    <mutexName>Goalie</mutexName>
    <windowTitle></windowTitle>
  </singleInstance>
  <jre>
    <path></path>
    <bundledJre64Bit>false</bundledJre64Bit>
    <bundledJreAsFallback>false</bundledJreAsFallback>
    <minVersion>1.9.1</minVersion>
    <maxVersion>13.0.1</maxVersion>
    <jdkPreference>preferJre</jdkPreference>
    <runtimeBits>64/32</runtimeBits>
  </jre>
  <versionInfo>
    <fileVersion>1.0.0.0</fileVersion>
    <txtFileVersion>1</txtFileVersion>
    <fileDescription>Hit your goals</fileDescription>
    <copyright>Darien Tsai</copyright>
    <productVersion>1.0.0.0</productVersion>
    <txtProductVersion>1</txtProductVersion>
    <productName>Goalie</productName>
    <companyName>com.darientsai</companyName>
    <internalName>Goalie</internalName>
    <originalFilename>Goalie.exe</originalFilename>
    <trademarks></trademarks>
    <language>ENGLISH_US</language>
  </versionInfo>
</launch4jConfig>